CTSCode,IndicatorName,Unit,Source,CTSFullDescriptor
ECCS,Surface Temperature Change,Degree Celsius,"Food and Agriculture Organization of the United Nations (FAO). 2022. FAOSTAT Climate Change, Climate Indicators, Temperature change. License: CC BY-NC-SA 3.0 IGO. Extracted from: https://www.fao.org/faostat/en/#data/ET.","Environment, Climate Change, Climate and Weather, Surface Temperature Change"
SYN_002,Surface Temperature Change Variant 2,Degree Celsius,"Food and Agriculture Organization of the United Nations (FAO). 2022. FAOSTAT Climate Change, Climate Indicators, Temperature change. License: CC BY-NC-SA 3.0 IGO. Extracted from: https://www.fao.org/faostat/en/#data/ET.","Synthetic extension of Environment, Climate Change, Climate and Weather, Surface Temperature Change"
SYN_003,Surface Temperature Change Variant 3,Degree Celsius,"Food and Agriculture Organization of the United Nations (FAO). 2022. FAOSTAT Climate Change, Climate Indicators, Temperature change. License: CC BY-NC-SA 3.0 IGO. Extracted from: https://www.fao.org/faostat/en/#data/ET.","Synthetic extension of Environment, Climate Change, Climate and Weather, Surface Temperature Change"
SYN_004,Surface Temperature Change Variant 4,Degree Celsius,"Food and Agriculture Organization of the United Nations (FAO). 2022. FAOSTAT Climate Change, Climate Indicators, Temperature change. License: CC BY-NC-SA 3.0 IGO. Extracted from: https://www.fao.org/faostat/en/#data/ET.","Synthetic extension of Environment, Climate Change, Climate and Weather, Surface Temperature Change"
SYN_005,Surface Temperature Change Variant 2 Variant 5,Degree Celsius,"Food and Agriculture Organization of the United Nations (FAO). 2022. FAOSTAT Climate Change, Climate Indicators, Temperature change. License: CC BY-NC-SA 3.0 IGO. Extracted from: https://www.fao.org/faostat/en/#data/ET.","Synthetic extension of Synthetic extension of Environment, Climate Change, Climate and Weather, Surface Temperature Change"
SYN_006,Surface Temperature Change Variant 2 Variant 6,Degree Celsius,"Food and Agriculture Organization of the United Nations (FAO). 2022. FAOSTAT Climate Change, Climate Indicators, Temperature change. License: CC BY-NC-SA 3.0 IGO. Extracted from: https://www.fao.org/faostat/en/#data/ET.","Synthetic extension of Synthetic extension of Environment, Climate Change, Climate and Weather, Surface Temperature Change"
SYN_007,Surface Temperature Change Variant 2 Variant 5 Variant 7,Degree Celsius,"Food and Agriculture Organization of the United Nations (FAO). 2022. FAOSTAT Climate Change, Climate Indicators, Temperature change. License: CC BY-NC-SA 3.0 IGO. Extracted from: https://www.fao.org/faostat/en/#data/ET.","Synthetic extension of Synthetic extension of Synthetic extension of Environment, Climate Change, Climate and Weather, Surface Temperature Change"
SYN_008,Surface Temperature Change Variant 2 Variant 6 Variant 8,Degree Celsius,"Food and Agriculture Organization of the United Nations (FAO). 2022. FAOSTAT Climate Change, Climate Indicators, Temperature change. License: CC BY-NC-SA 3.0 IGO. Extracted from: https://www.fao.org/faostat/en/#data/ET.","Synthetic extension of Synthetic extension of Synthetic extension of Environment, Climate Change, Climate and Weather, Surface Temperature Change"
SYN_009,Surface Temperature Change Variant 2 Variant 6 Variant 9,Degree Celsius,"Food and Agriculture Organization of the United Nations (FAO). 2022. FAOSTAT Climate Change, Climate Indicators, Temperature change. License: CC BY-NC-SA 3.0 IGO. Extracted from: https://www.fao.org/faostat/en/#data/ET.","Synthetic extension of Synthetic extension of Synthetic extension of Environment, Climate Change, Climate and Weather, Surface Temperature Change"
SYN_010,Surface Temperature Change Variant 3 Variant 10,Degree Celsius,"Food and Agriculture Organization of the United Nations (FAO). 2022. FAOSTAT Climate Change, Climate Indicators, Temperature change. License: CC BY-NC-SA 3.0 IGO. Extracted from: https://www.fao.org/faostat/en/#data/ET.","Synthetic extension of Synthetic extension of Environment, Climate Change, Climate and Weather, Surface Temperature Change"
SYN_011,Surface Temperature Change Variant 2 Variant 5 Variant 11,Degree Celsius,"Food and Agriculture Organization of the United Nations (FAO). 2022. FAOSTAT Climate Change, Climate Indicators, Temperature change. License: CC BY-NC-SA 3.0 IGO. Extracted from: https://www.fao.org/faostat/en/#data/ET.","Synthetic extension of Synthetic extension of Synthetic extension of Environment, Climate Change, Climate and Weather, Surface Temperature Change"
SYN_012,Surface Temperature Change Variant 3 Variant 12,Degree Celsius,"Food and Agriculture Organization of the United Nations (FAO). 2022. FAOSTAT Climate Change, Climate Indicators, Temperature change. License: CC BY-NC-SA 3.0 IGO. Extracted from: https://www.fao.org/faostat/en/#data/ET.","Synthetic extension of Synthetic extension of Environment, Climate Change, Climate and Weather, Surface Temperature Change"
SYN_013,Surface Temperature Change Variant 2 Variant 13,Degree Celsius,"Food and Agriculture Organization of the United Nations (FAO). 2022. FAOSTAT Climate Change, Climate Indicators, Temperature change. License: CC BY-NC-SA 3.0 IGO. Extracted from: https://www.fao.org/faostat/en/#data/ET.","Synthetic extension of Synthetic extension of Environment, Climate Change, Climate and Weather, Surface Temperature Change"
SYN_014,Surface Temperature Change Variant 2 Variant 6 Variant 14,Degree Celsius,"Food and Agriculture Organization of the United Nations (FAO). 2022. FAOSTAT Climate Change, Climate Indicators, Temperature change. License: CC BY-NC-SA 3.0 IGO. Extracted from: https://www.fao.org/faostat/en/#data/ET.","Synthetic extension of Synthetic extension of Synthetic extension of Environment, Climate Change, Climate and Weather, Surface Temperature Change"
SYN_015,Surface Temperature Change Variant 2 Variant 15,Degree Celsius,"Food and Agriculture Organization of the United Nations (FAO). 2022. FAOSTAT Climate Change, Climate Indicators, Temperature change. License: CC BY-NC-SA 3.0 IGO. Extracted from: https://www.fao.org/faostat/en/#data/ET.","Synthetic extension of Synthetic extension of Environment, Climate Change, Climate and Weather, Surface Temperature Change"
SYN_016,Surface Temperature Change Variant 2 Variant 5 Variant 7 Variant 16,Degree Celsius,"Food and Agriculture Organization of the United Nations (FAO). 2022. FAOSTAT Climate Change, Climate Indicators, Temperature change. License: CC BY-NC-SA 3.0 IGO. Extracted from: https://www.fao.org/faostat/en/#data/ET.","Synthetic extension of Synthetic extension of Synthetic extension of Synthetic extension of Environment, Climate Change, Climate and Weather, Surface Temperature Change"
SYN_017,Surface Temperature Change Variant 3 Variant 10 Variant 17,Degree Celsius,"Food and Agriculture Organization of the United Nations (FAO). 2022. FAOSTAT Climate Change, Climate Indicators, Temperature change. License: CC BY-NC-SA 3.0 IGO. Extracted from: https://www.fao.org/faostat/en/#data/ET.","Synthetic extension of Synthetic extension of Synthetic extension of Environment, Climate Change, Climate and Weather, Surface Temperature Change"
SYN_018,Surface Temperature Change Variant 2 Variant 6 Variant 18,Degree Celsius,"Food and Agriculture Organization of the United Nations (FAO). 2022. FAOSTAT Climate Change, Climate Indicators, Temperature change. License: CC BY-NC-SA 3.0 IGO. Extracted from: https://www.fao.org/faostat/en/#data/ET.","Synthetic extension of Synthetic extension of Synthetic extension of Environment, Climate Change, Climate and Weather, Surface Temperature Change"
SYN_019,Surface Temperature Change Variant 2 Variant 15 Variant 19,Degree Celsius,"Food and Agriculture Organization of the United Nations (FAO). 2022. FAOSTAT Climate Change, Climate Indicators, Temperature change. License: CC BY-NC-SA 3.0 IGO. Extracted from: https://www.fao.org/faostat/en/#data/ET.","Synthetic extension of Synthetic extension of Synthetic extension of Environment, Climate Change, Climate and Weather, Surface Temperature Change"
SYN_020,Surface Temperature Change Variant 4 Variant 20,Degree Celsius,"Food and Agriculture Organization of the United Nations (FAO). 2022. FAOSTAT Climate Change, Climate Indicators, Temperature change. License: CC BY-NC-SA 3.0 IGO. Extracted from: https://www.fao.org/faostat/en/#data/ET.","Synthetic extension of Synthetic extension of Environment, Climate Change, Climate and Weather, Surface Temperature Change"
SYN_021,Surface Temperature Change Variant 2 Variant 15 Variant 21,Degree Celsius,"Food and Agriculture Organization of the United Nations (FAO). 2022. FAOSTAT Climate Change, Climate Indicators, Temperature change. License: CC BY-NC-SA 3.0 IGO. Extracted from: https://www.fao.org/faostat/en/#data/ET.","Synthetic extension of Synthetic extension of Synthetic extension of Environment, Climate Change, Climate and Weather, Surface Temperature Change"
SYN_022,Surface Temperature Change Variant 2 Variant 6 Variant 18 Variant 22,Degree Celsius,"Food and Agriculture Organization of the United Nations (FAO). 2022. FAOSTAT Climate Change, Climate Indicators, Temperature change. License: CC BY-NC-SA 3.0 IGO. Extracted from: https://www.fao.org/faostat/en/#data/ET.","Synthetic extension of Synthetic extension of Synthetic extension of Synthetic extension of Environment, Climate Change, Climate and Weather, Surface Temperature Change"
SYN_023,Surface Temperature Change Variant 2 Variant 5 Variant 7 Variant 16 Variant 23,Degree Celsius,"Food and Agriculture Organization of the United Nations (FAO). 2022. FAOSTAT Climate Change, Climate Indicators, Temperature change. License: CC BY-NC-SA 3.0 IGO. Extracted from: https://www.fao.org/faostat/en/#data/ET.","Synthetic extension of Synthetic extension of Synthetic extension of Synthetic extension of Synthetic extension of Environment, Climate Change, Climate and Weather, Surface Temperature Change"
SYN_024,Surface Temperature Change Variant 2 Variant 6 Variant 9 Variant 24,Degree Celsius,"Food and Agriculture Organization of the United Nations (FAO). 2022. FAOSTAT Climate Change, Climate Indicators, Temperature change. License: CC BY-NC-SA 3.0 IGO. Extracted from: https://www.fao.org/faostat/en/#data/ET.","Synthetic extension of Synthetic extension of Synthetic extension of Synthetic extension of Environment, Climate Change, Climate and Weather, Surface Temperature Change"
SYN_025,Surface Temperature Change Variant 2 Variant 5 Variant 25,Degree Celsius,"Food and Agriculture Organization of the United Nations (FAO). 2022. FAOSTAT Climate Change, Climate Indicators, Temperature change. License: CC BY-NC-SA 3.0 IGO. Extracted from: https://www.fao.org/faostat/en/#data/ET.","Synthetic extension of Synthetic extension of Synthetic extension of Environment, Climate Change, Climate and Weather, Surface Temperature Change"
SYN_026,Surface Temperature Change Variant 4 Variant 20 Variant 26,Degree Celsius,"Food and Agriculture Organization of the United Nations (FAO). 2022. FAOSTAT Climate Change, Climate Indicators, Temperature change. License: CC BY-NC-SA 3.0 IGO. Extracted from: https://www.fao.org/faostat/en/#data/ET.","Synthetic extension of Synthetic extension of Synthetic extension of Environment, Climate Change, Climate and Weather, Surface Temperature Change"
SYN_027,Surface Temperature Change Variant 2 Variant 6 Variant 18 Variant 27,Degree Celsius,"Food and Agriculture Organization of the United Nations (FAO). 2022. FAOSTAT Climate Change, Climate Indicators, Temperature change. License: CC BY-NC-SA 3.0 IGO. Extracted from: https://www.fao.org/faostat/en/#data/ET.","Synthetic extension of Synthetic extension of Synthetic extension of Synthetic extension of Environment, Climate Change, Climate and Weather, Surface Temperature Change"
SYN_028,Surface Temperature Change Variant 2 Variant 5 Variant 7 Variant 16 Variant 28,Degree Celsius,"Food and Agriculture Organization of the United Nations (FAO). 2022. FAOSTAT Climate Change, Climate Indicators, Temperature change. License: CC BY-NC-SA 3.0 IGO. Extracted from: https://www.fao.org/faostat/en/#data/ET.","Synthetic extension of Synthetic extension of Synthetic extension of Synthetic extension of Synthetic extension of Environment, Climate Change, Climate and Weather, Surface Temperature Change"
SYN_029,Surface Temperature Change Variant 2 Variant 6 Variant 9 Variant 24 Variant 29,Degree Celsius,"Food and Agriculture Organization of the United Nations (FAO). 2022. FAOSTAT Climate Change, Climate Indicators, Temperature change. License: CC BY-NC-SA 3.0 IGO. Extracted from: https://www.fao.org/faostat/en/#data/ET.","Synthetic extension of Synthetic extension of Synthetic extension of Synthetic extension of Synthetic extension of Environment, Climate Change, Climate and Weather, Surface Temperature Change"
SYN_030,Surface Temperature Change Variant 2 Variant 6 Variant 9 Variant 24 Variant 29 Variant 30,Degree Celsius,"Food and Agriculture Organization of the United Nations (FAO). 2022. FAOSTAT Climate Change, Climate Indicators, Temperature change. License: CC BY-NC-SA 3.0 IGO. Extracted from: https://www.fao.org/faostat/en/#data/ET.","Synthetic extension of Synthetic extension of Synthetic extension of Synthetic extension of Synthetic extension of Synthetic extension of Environment, Climate Change, Climate and Weather, Surface Temperature Change"
SYN_031,Surface Temperature Change Variant 3 Variant 10 Variant 31,Degree Celsius,"Food and Agriculture Organization of the United Nations (FAO). 2022. FAOSTAT Climate Change, Climate Indicators, Temperature change. License: CC BY-NC-SA 3.0 IGO. Extracted from: https://www.fao.org/faostat/en/#data/ET.","Synthetic extension of Synthetic extension of Synthetic extension of Environment, Climate Change, Climate and Weather, Surface Temperature Change"
SYN_032,Surface Temperature Change Variant 32,Degree Celsius,"Food and Agriculture Organization of the United Nations (FAO). 2022. FAOSTAT Climate Change, Climate Indicators, Temperature change. License: CC BY-NC-SA 3.0 IGO. Extracted from: https://www.fao.org/faostat/en/#data/ET.","Synthetic extension of Environment, Climate Change, Climate and Weather, Surface Temperature Change"
SYN_033,Surface Temperature Change Variant 2 Variant 5 Variant 7 Variant 16 Variant 33,Degree Celsius,"Food and Agriculture Organization of the United Nations (FAO). 2022. FAOSTAT Climate Change, Climate Indicators, Temperature change. License: CC BY-NC-SA 3.0 IGO. Extracted from: https://www.fao.org/faostat/en/#data/ET.","Synthetic extension of Synthetic extension of Synthetic extension of Synthetic extension of Synthetic extension of Environment, Climate Change, Climate and Weather, Surface Temperature Change"
SYN_034,Surface Temperature Change Variant 2 Variant 5 Variant 25 Variant 34,Degree Celsius,"Food and Agriculture Organization of the United Nations (FAO). 2022. FAOSTAT Climate Change, Climate Indicators, Temperature change. License: CC BY-NC-SA 3.0 IGO. Extracted from: https://www.fao.org/faostat/en/#data/ET.","Synthetic extension of Synthetic extension of Synthetic extension of Synthetic extension of Environment, Climate Change, Climate and Weather, Surface Temperature Change"
SYN_035,Surface Temperature Change Variant 3 Variant 10 Variant 35,Degree Celsius,"Food and Agriculture Organization of the United Nations (FAO). 2022. FAOSTAT Climate Change, Climate Indicators, Temperature change. License: CC BY-NC-SA 3.0 IGO. Extracted from: https://www.fao.org/faostat/en/#data/ET.","Synthetic extension of Synthetic extension of Synthetic extension of Environment, Climate Change, Climate and Weather, Surface Temperature Change"
SYN_036,Surface Temperature Change Variant 4 Variant 20 Variant 26 Variant 36,Degree Celsius,"Food and Agriculture Organization of the United Nations (FAO). 2022. FAOSTAT Climate Change, Climate Indicators, Temperature change. License: CC BY-NC-SA 3.0 IGO. Extracted from: https://www.fao.org/faostat/en/#data/ET.","Synthetic extension of Synthetic extension of Synthetic extension of Synthetic extension of Environment, Climate Change, Climate and Weather, Surface Temperature Change"
SYN_037,Surface Temperature Change Variant 2 Variant 5 Variant 37,Degree Celsius,"Food and Agriculture Organization of the United Nations (FAO). 2022. FAOSTAT Climate Change, Climate Indicators, Temperature change. License: CC BY-NC-SA 3.0 IGO. Extracted from: https://www.fao.org/faostat/en/#data/ET.","Synthetic extension of Synthetic extension of Synthetic extension of Environment, Climate Change, Climate and Weather, Surface Temperature Change"
SYN_038,Surface Temperature Change Variant 2 Variant 15 Variant 21 Variant 38,Degree Celsius,"Food and Agriculture Organization of the United Nations (FAO). 2022. FAOSTAT Climate Change, Climate Indicators, Temperature change. License: CC BY-NC-SA 3.0 IGO. Extracted from: https://www.fao.org/faostat/en/#data/ET.","Synthetic extension of Synthetic extension of Synthetic extension of Synthetic extension of Environment, Climate Change, Climate and Weather, Surface Temperature Change"
SYN_039,Surface Temperature Change Variant 2 Variant 39,Degree Celsius,"Food and Agriculture Organization of the United Nations (FAO). 2022. FAOSTAT Climate Change, Climate Indicators, Temperature change. License: CC BY-NC-SA 3.0 IGO. Extracted from: https://www.fao.org/faostat/en/#data/ET.","Synthetic extension of Synthetic extension of Environment, Climate Change, Climate and Weather, Surface Temperature Change"
SYN_040,Surface Temperature Change Variant 2 Variant 6 Variant 18 Variant 22 Variant 40,Degree Celsius,"Food and Agriculture Organization of the United Nations (FAO). 2022. FAOSTAT Climate Change, Climate Indicators, Temperature change. License: CC BY-NC-SA 3.0 IGO. Extracted from: https://www.fao.org/faostat/en/#data/ET.","Synthetic extension of Synthetic extension of Synthetic extension of Synthetic extension of Synthetic extension of Environment, Climate Change, Climate and Weather, Surface Temperature Change"
SYN_041,Surface Temperature Change Variant 2 Variant 6 Variant 9 Variant 24 Variant 41,Degree Celsius,"Food and Agriculture Organization of the United Nations (FAO). 2022. FAOSTAT Climate Change, Climate Indicators, Temperature change. License: CC BY-NC-SA 3.0 IGO. Extracted from: https://www.fao.org/faostat/en/#data/ET.","Synthetic extension of Synthetic extension of Synthetic extension of Synthetic extension of Synthetic extension of Environment, Climate Change, Climate and Weather, Surface Temperature Change"
SYN_042,Surface Temperature Change Variant 2 Variant 15 Variant 21 Variant 38 Variant 42,Degree Celsius,"Food and Agriculture Organization of the United Nations (FAO). 2022. FAOSTAT Climate Change, Climate Indicators, Temperature change. License: CC BY-NC-SA 3.0 IGO. Extracted from: https://www.fao.org/faostat/en/#data/ET.","Synthetic extension of Synthetic extension of Synthetic extension of Synthetic extension of Synthetic extension of Environment, Climate Change, Climate and Weather, Surface Temperature Change"
SYN_043,Surface Temperature Change Variant 3 Variant 10 Variant 35 Variant 43,Degree Celsius,"Food and Agriculture Organization of the United Nations (FAO). 2022. FAOSTAT Climate Change, Climate Indicators, Temperature change. License: CC BY-NC-SA 3.0 IGO. Extracted from: https://www.fao.org/faostat/en/#data/ET.","Synthetic extension of Synthetic extension of Synthetic extension of Synthetic extension of Environment, Climate Change, Climate and Weather, Surface Temperature Change"
SYN_044,Surface Temperature Change Variant 2 Variant 5 Variant 7 Variant 16 Variant 23 Variant 44,Degree Celsius,"Food and Agriculture Organization of the United Nations (FAO). 2022. FAOSTAT Climate Change, Climate Indicators, Temperature change. License: CC BY-NC-SA 3.0 IGO. Extracted from: https://www.fao.org/faostat/en/#data/ET.","Synthetic extension of Synthetic extension of Synthetic extension of Synthetic extension of Synthetic extension of Synthetic extension of Environment, Climate Change, Climate and Weather, Surface Temperature Change"
SYN_045,Surface Temperature Change Variant 2 Variant 6 Variant 45,Degree Celsius,"Food and Agriculture Organization of the United Nations (FAO). 2022. FAOSTAT Climate Change, Climate Indicators, Temperature change. License: CC BY-NC-SA 3.0 IGO. Extracted from: https://www.fao.org/faostat/en/#data/ET.","Synthetic extension of Synthetic extension of Synthetic extension of Environment, Climate Change, Climate and Weather, Surface Temperature Change"
SYN_046,Surface Temperature Change Variant 3 Variant 10 Variant 17 Variant 46,Degree Celsius,"Food and Agriculture Organization of the United Nations (FAO). 2022. FAOSTAT Climate Change, Climate Indicators, Temperature change. License: CC BY-NC-SA 3.0 IGO. Extracted from: https://www.fao.org/faostat/en/#data/ET.","Synthetic extension of Synthetic extension of Synthetic extension of Synthetic extension of Environment, Climate Change, Climate and Weather, Surface Temperature Change"
SYN_047,Surface Temperature Change Variant 3 Variant 47,Degree Celsius,"Food and Agriculture Organization of the United Nations (FAO). 2022. FAOSTAT Climate Change, Climate Indicators, Temperature change. License: CC BY-NC-SA 3.0 IGO. Extracted from: https://www.fao.org/faostat/en/#data/ET.","Synthetic extension of Synthetic extension of Environment, Climate Change, Climate and Weather, Surface Temperature Change"
SYN_048,Surface Temperature Change Variant 3 Variant 10 Variant 35 Variant 43 Variant 48,Degree Celsius,"Food and Agriculture Organization of the United Nations (FAO). 2022. FAOSTAT Climate Change, Climate Indicators, Temperature change. License: CC BY-NC-SA 3.0 IGO. Extracted from: https://www.fao.org/faostat/en/#data/ET.","Synthetic extension of Synthetic extension of Synthetic extension of Synthetic extension of Synthetic extension of Environment, Climate Change, Climate and Weather, Surface Temperature Change"
SYN_049,Surface Temperature Change Variant 3 Variant 10 Variant 17 Variant 49,Degree Celsius,"Food and Agriculture Organization of the United Nations (FAO). 2022. FAOSTAT Climate Change, Climate Indicators, Temperature change. License: CC BY-NC-SA 3.0 IGO. Extracted from: https://www.fao.org/faostat/en/#data/ET.","Synthetic extension of Synthetic extension of Synthetic extension of Synthetic extension of Environment, Climate Change, Climate and Weather, Surface Temperature Change"
SYN_050,Surface Temperature Change Variant 2 Variant 6 Variant 9 Variant 24 Variant 50,Degree Celsius,"Food and Agriculture Organization of the United Nations (FAO). 2022. FAOSTAT Climate Change, Climate Indicators, Temperature change. License: CC BY-NC-SA 3.0 IGO. Extracted from: https://www.fao.org/faostat/en/#data/ET.","Synthetic extension of Synthetic extension of Synthetic extension of Synthetic extension of Synthetic extension of Environment, Climate Change, Climate and Weather, Surface Temperature Change"
SYN_051,Surface Temperature Change Variant 3 Variant 10 Variant 35 Variant 43 Variant 51,Degree Celsius,"Food and Agriculture Organization of the United Nations (FAO). 2022. FAOSTAT Climate Change, Climate Indicators, Temperature change. License: CC BY-NC-SA 3.0 IGO. Extracted from: https://www.fao.org/faostat/en/#data/ET.","Synthetic extension of Synthetic extension of Synthetic extension of Synthetic extension of Synthetic extension of Environment, Climate Change, Climate and Weather, Surface Temperature Change"
SYN_052,Surface Temperature Change Variant 2 Variant 5 Variant 7 Variant 16 Variant 23 Variant 44 Variant 52,Degree Celsius,"Food and Agriculture Organization of the United Nations (FAO). 2022. FAOSTAT Climate Change, Climate Indicators, Temperature change. License: CC BY-NC-SA 3.0 IGO. Extracted from: https://www.fao.org/faostat/en/#data/ET.","Synthetic extension of Synthetic extension of Synthetic extension of Synthetic extension of Synthetic extension of Synthetic extension of Synthetic extension of Environment, Climate Change, Climate and Weather, Surface Temperature Change"
SYN_053,Surface Temperature Change Variant 3 Variant 10 Variant 35 Variant 43 Variant 53,Degree Celsius,"Food and Agriculture Organization of the United Nations (FAO). 2022. FAOSTAT Climate Change, Climate Indicators, Temperature change. License: CC BY-NC-SA 3.0 IGO. Extracted from: https://www.fao.org/faostat/en/#data/ET.","Synthetic extension of Synthetic extension of Synthetic extension of Synthetic extension of Synthetic extension of Environment, Climate Change, Climate and Weather, Surface Temperature Change"
SYN_054,Surface Temperature Change Variant 2 Variant 5 Variant 7 Variant 16 Variant 54,Degree Celsius,"Food and Agriculture Organization of the United Nations (FAO). 2022. FAOSTAT Climate Change, Climate Indicators, Temperature change. License: CC BY-NC-SA 3.0 IGO. Extracted from: https://www.fao.org/faostat/en/#data/ET.","Synthetic extension of Synthetic extension of Synthetic extension of Synthetic extension of Synthetic extension of Environment, Climate Change, Climate and Weather, Surface Temperature Change"
SYN_055,Surface Temperature Change Variant 2 Variant 55,Degree Celsius,"Food and Agriculture Organization of the United Nations (FAO). 2022. FAOSTAT Climate Change, Climate Indicators, Temperature change. License: CC BY-NC-SA 3.0 IGO. Extracted from: https://www.fao.org/faostat/en/#data/ET.","Synthetic extension of Synthetic extension of Environment, Climate Change, Climate and Weather, Surface Temperature Change"
SYN_056,Surface Temperature Change Variant 2 Variant 6 Variant 18 Variant 22 Variant 56,Degree Celsius,"Food and Agriculture Organization of the United Nations (FAO). 2022. FAOSTAT Climate Change, Climate Indicators, Temperature change. License: CC BY-NC-SA 3.0 IGO. Extracted from: https://www.fao.org/faostat/en/#data/ET.","Synthetic extension of Synthetic extension of Synthetic extension of Synthetic extension of Synthetic extension of Environment, Climate Change, Climate and Weather, Surface Temperature Change"
SYN_057,Surface Temperature Change Variant 3 Variant 10 Variant 17 Variant 46 Variant 57,Degree Celsius,"Food and Agriculture Organization of the United Nations (FAO). 2022. FAOSTAT Climate Change, Climate Indicators, Temperature change. License: CC BY-NC-SA 3.0 IGO. Extracted from: https://www.fao.org/faostat/en/#data/ET.","Synthetic extension of Synthetic extension of Synthetic extension of Synthetic extension of Synthetic extension of Environment, Climate Change, Climate and Weather, Surface Temperature Change"
SYN_058,Surface Temperature Change Variant 2 Variant 5 Variant 7 Variant 16 Variant 28 Variant 58,Degree Celsius,"Food and Agriculture Organization of the United Nations (FAO). 2022. FAOSTAT Climate Change, Climate Indicators, Temperature change. License: CC BY-NC-SA 3.0 IGO. Extracted from: https://www.fao.org/faostat/en/#data/ET.","Synthetic extension of Synthetic extension of Synthetic extension of Synthetic extension of Synthetic extension of Synthetic extension of Environment, Climate Change, Climate and Weather, Surface Temperature Change"
SYN_059,Surface Temperature Change Variant 2 Variant 6 Variant 18 Variant 27 Variant 59,Degree Celsius,"Food and Agriculture Organization of the United Nations (FAO). 2022. FAOSTAT Climate Change, Climate Indicators, Temperature change. License: CC BY-NC-SA 3.0 IGO. Extracted from: https://www.fao.org/faostat/en/#data/ET.","Synthetic extension of Synthetic extension of Synthetic extension of Synthetic extension of Synthetic extension of Environment, Climate Change, Climate and Weather, Surface Temperature Change"
SYN_060,Surface Temperature Change Variant 2 Variant 15 Variant 21 Variant 60,Degree Celsius,"Food and Agriculture Organization of the United Nations (FAO). 2022. FAOSTAT Climate Change, Climate Indicators, Temperature change. License: CC BY-NC-SA 3.0 IGO. Extracted from: https://www.fao.org/faostat/en/#data/ET.","Synthetic extension of Synthetic extension of Synthetic extension of Synthetic extension of Environment, Climate Change, Climate and Weather, Surface Temperature Change"
SYN_061,Surface Temperature Change Variant 4 Variant 20 Variant 26 Variant 36 Variant 61,Degree Celsius,"Food and Agriculture Organization of the United Nations (FAO). 2022. FAOSTAT Climate Change, Climate Indicators, Temperature change. License: CC BY-NC-SA 3.0 IGO. Extracted from: https://www.fao.org/faostat/en/#data/ET.","Synthetic extension of Synthetic extension of Synthetic extension of Synthetic extension of Synthetic extension of Environment, Climate Change, Climate and Weather, Surface Temperature Change"
SYN_062,Surface Temperature Change Variant 3 Variant 10 Variant 17 Variant 62,Degree Celsius,"Food and Agriculture Organization of the United Nations (FAO). 2022. FAOSTAT Climate Change, Climate Indicators, Temperature change. License: CC BY-NC-SA 3.0 IGO. Extracted from: https://www.fao.org/faostat/en/#data/ET.","Synthetic extension of Synthetic extension of Synthetic extension of Synthetic extension of Environment, Climate Change, Climate and Weather, Surface Temperature Change"
SYN_063,Surface Temperature Change Variant 3 Variant 12 Variant 63,Degree Celsius,"Food and Agriculture Organization of the United Nations (FAO). 2022. FAOSTAT Climate Change, Climate Indicators, Temperature change. License: CC BY-NC-SA 3.0 IGO. Extracted from: https://www.fao.org/faostat/en/#data/ET.","Synthetic extension of Synthetic extension of Synthetic extension of Environment, Climate Change, Climate and Weather, Surface Temperature Change"
SYN_064,Surface Temperature Change Variant 3 Variant 10 Variant 35 Variant 43 Variant 64,Degree Celsius,"Food and Agriculture Organization of the United Nations (FAO). 2022. FAOSTAT Climate Change, Climate Indicators, Temperature change. License: CC BY-NC-SA 3.0 IGO. Extracted from: https://www.fao.org/faostat/en/#data/ET.","Synthetic extension of Synthetic extension of Synthetic extension of Synthetic extension of Synthetic extension of Environment, Climate Change, Climate and Weather, Surface Temperature Change"
SYN_065,Surface Temperature Change Variant 2 Variant 5 Variant 7 Variant 16 Variant 65,Degree Celsius,"Food and Agriculture Organization of the United Nations (FAO). 2022. FAOSTAT Climate Change, Climate Indicators, Temperature change. License: CC BY-NC-SA 3.0 IGO. Extracted from: https://www.fao.org/faostat/en/#data/ET.","Synthetic extension of Synthetic extension of Synthetic extension of Synthetic extension of Synthetic extension of Environment, Climate Change, Climate and Weather, Surface Temperature Change"
SYN_066,Surface Temperature Change Variant 4 Variant 20 Variant 26 Variant 66,Degree Celsius,"Food and Agriculture Organization of the United Nations (FAO). 2022. FAOSTAT Climate Change, Climate Indicators, Temperature change. License: CC BY-NC-SA 3.0 IGO. Extracted from: https://www.fao.org/faostat/en/#data/ET.","Synthetic extension of Synthetic extension of Synthetic extension of Synthetic extension of Environment, Climate Change, Climate and Weather, Surface Temperature Change"
SYN_067,Surface Temperature Change Variant 2 Variant 6 Variant 9 Variant 67,Degree Celsius,"Food and Agriculture Organization of the United Nations (FAO). 2022. FAOSTAT Climate Change, Climate Indicators, Temperature change. License: CC BY-NC-SA 3.0 IGO. Extracted from: https://www.fao.org/faostat/en/#data/ET.","Synthetic extension of Synthetic extension of Synthetic extension of Synthetic extension of Environment, Climate Change, Climate and Weather, Surface Temperature Change"
SYN_068,Surface Temperature Change Variant 2 Variant 6 Variant 9 Variant 68,Degree Celsius,"Food and Agriculture Organization of the United Nations (FAO). 2022. FAOSTAT Climate Change, Climate Indicators, Temperature change. License: CC BY-NC-SA 3.0 IGO. Extracted from: https://www.fao.org/faostat/en/#data/ET.","Synthetic extension of Synthetic extension of Synthetic extension of Synthetic extension of Environment, Climate Change, Climate and Weather, Surface Temperature Change"
SYN_069,Surface Temperature Change Variant 2 Variant 5 Variant 7 Variant 16 Variant 23 Variant 44 Variant 69,Degree Celsius,"Food and Agriculture Organization of the United Nations (FAO). 2022. FAOSTAT Climate Change, Climate Indicators, Temperature change. License: CC BY-NC-SA 3.0 IGO. Extracted from: https://www.fao.org/faostat/en/#data/ET.","Synthetic extension of Synthetic extension of Synthetic extension of Synthetic extension of Synthetic extension of Synthetic extension of Synthetic extension of Environment, Climate Change, Climate and Weather, Surface Temperature Change"
SYN_070,Surface Temperature Change Variant 3 Variant 10 Variant 17 Variant 49 Variant 70,Degree Celsius,"Food and Agriculture Organization of the United Nations (FAO). 2022. FAOSTAT Climate Change, Climate Indicators, Temperature change. License: CC BY-NC-SA 3.0 IGO. Extracted from: https://www.fao.org/faostat/en/#data/ET.","Synthetic extension of Synthetic extension of Synthetic extension of Synthetic extension of Synthetic extension of Environment, Climate Change, Climate and Weather, Surface Temperature Change"
SYN_071,Surface Temperature Change Variant 2 Variant 5 Variant 25 Variant 34 Variant 71,Degree Celsius,"Food and Agriculture Organization of the United Nations (FAO). 2022. FAOSTAT Climate Change, Climate Indicators, Temperature change. License: CC BY-NC-SA 3.0 IGO. Extracted from: https://www.fao.org/faostat/en/#data/ET.","Synthetic extension of Synthetic extension of Synthetic extension of Synthetic extension of Synthetic extension of Environment, Climate Change, Climate and Weather, Surface Temperature Change"
SYN_072,Surface Temperature Change Variant 2 Variant 6 Variant 18 Variant 27 Variant 59 Variant 72,Degree Celsius,"Food and Agriculture Organization of the United Nations (FAO). 2022. FAOSTAT Climate Change, Climate Indicators, Temperature change. License: CC BY-NC-SA 3.0 IGO. Extracted from: https://www.fao.org/faostat/en/#data/ET.","Synthetic extension of Synthetic extension of Synthetic extension of Synthetic extension of Synthetic extension of Synthetic extension of Environment, Climate Change, Climate and Weather, Surface Temperature Change"
SYN_073,Surface Temperature Change Variant 2 Variant 5 Variant 37 Variant 73,Degree Celsius,"Food and Agriculture Organization of the United Nations (FAO). 2022. FAOSTAT Climate Change, Climate Indicators, Temperature change. License: CC BY-NC-SA 3.0 IGO. Extracted from: https://www.fao.org/faostat/en/#data/ET.","Synthetic extension of Synthetic extension of Synthetic extension of Synthetic extension of Environment, Climate Change, Climate and Weather, Surface Temperature Change"
SYN_074,Surface Temperature Change Variant 3 Variant 10 Variant 35 Variant 74,Degree Celsius,"Food and Agriculture Organization of the United Nations (FAO). 2022. FAOSTAT Climate Change, Climate Indicators, Temperature change. License: CC BY-NC-SA 3.0 IGO. Extracted from: https://www.fao.org/faostat/en/#data/ET.","Synthetic extension of Synthetic extension of Synthetic extension of Synthetic extension of Environment, Climate Change, Climate and Weather, Surface Temperature Change"
SYN_075,Surface Temperature Change Variant 2 Variant 6 Variant 18 Variant 22 Variant 75,Degree Celsius,"Food and Agriculture Organization of the United Nations (FAO). 2022. FAOSTAT Climate Change, Climate Indicators, Temperature change. License: CC BY-NC-SA 3.0 IGO. Extracted from: https://www.fao.org/faostat/en/#data/ET.","Synthetic extension of Synthetic extension of Synthetic extension of Synthetic extension of Synthetic extension of Environment, Climate Change, Climate and Weather, Surface Temperature Change"
SYN_076,Surface Temperature Change Variant 2 Variant 6 Variant 18 Variant 27 Variant 76,Degree Celsius,"Food and Agriculture Organization of the United Nations (FAO). 2022. FAOSTAT Climate Change, Climate Indicators, Temperature change. License: CC BY-NC-SA 3.0 IGO. Extracted from: https://www.fao.org/faostat/en/#data/ET.","Synthetic extension of Synthetic extension of Synthetic extension of Synthetic extension of Synthetic extension of Environment, Climate Change, Climate and Weather, Surface Temperature Change"
SYN_077,Surface Temperature Change Variant 3 Variant 12 Variant 63 Variant 77,Degree Celsius,"Food and Agriculture Organization of the United Nations (FAO). 2022. FAOSTAT Climate Change, Climate Indicators, Temperature change. License: CC BY-NC-SA 3.0 IGO. Extracted from: https://www.fao.org/faostat/en/#data/ET.","Synthetic extension of Synthetic extension of Synthetic extension of Synthetic extension of Environment, Climate Change, Climate and Weather, Surface Temperature Change"
SYN_078,Surface Temperature Change Variant 2 Variant 15 Variant 78,Degree Celsius,"Food and Agriculture Organization of the United Nations (FAO). 2022. FAOSTAT Climate Change, Climate Indicators, Temperature change. License: CC BY-NC-SA 3.0 IGO. Extracted from: https://www.fao.org/faostat/en/#data/ET.","Synthetic extension of Synthetic extension of Synthetic extension of Environment, Climate Change, Climate and Weather, Surface Temperature Change"
SYN_079,Surface Temperature Change Variant 2 Variant 6 Variant 18 Variant 27 Variant 79,Degree Celsius,"Food and Agriculture Organization of the United Nations (FAO). 2022. FAOSTAT Climate Change, Climate Indicators, Temperature change. License: CC BY-NC-SA 3.0 IGO. Extracted from: https://www.fao.org/faostat/en/#data/ET.","Synthetic extension of Synthetic extension of Synthetic extension of Synthetic extension of Synthetic extension of Environment, Climate Change, Climate and Weather, Surface Temperature Change"
SYN_080,Surface Temperature Change Variant 3 Variant 10 Variant 17 Variant 80,Degree Celsius,"Food and Agriculture Organization of the United Nations (FAO). 2022. FAOSTAT Climate Change, Climate Indicators, Temperature change. License: CC BY-NC-SA 3.0 IGO. Extracted from: https://www.fao.org/faostat/en/#data/ET.","Synthetic extension of Synthetic extension of Synthetic extension of Synthetic extension of Environment, Climate Change, Climate and Weather, Surface Temperature Change"
SYN_081,Surface Temperature Change Variant 2 Variant 5 Variant 7 Variant 16 Variant 23 Variant 81,Degree Celsius,"Food and Agriculture Organization of the United Nations (FAO). 2022. FAOSTAT Climate Change, Climate Indicators, Temperature change. License: CC BY-NC-SA 3.0 IGO. Extracted from: https://www.fao.org/faostat/en/#data/ET.","Synthetic extension of Synthetic extension of Synthetic extension of Synthetic extension of Synthetic extension of Synthetic extension of Environment, Climate Change, Climate and Weather, Surface Temperature Change"
SYN_082,Surface Temperature Change Variant 2 Variant 15 Variant 21 Variant 38 Variant 82,Degree Celsius,"Food and Agriculture Organization of the United Nations (FAO). 2022. FAOSTAT Climate Change, Climate Indicators, Temperature change. License: CC BY-NC-SA 3.0 IGO. Extracted from: https://www.fao.org/faostat/en/#data/ET.","Synthetic extension of Synthetic extension of Synthetic extension of Synthetic extension of Synthetic extension of Environment, Climate Change, Climate and Weather, Surface Temperature Change"
SYN_083,Surface Temperature Change Variant 2 Variant 5 Variant 7 Variant 16 Variant 65 Variant 83,Degree Celsius,"Food and Agriculture Organization of the United Nations (FAO). 2022. FAOSTAT Climate Change, Climate Indicators, Temperature change. License: CC BY-NC-SA 3.0 IGO. Extracted from: https://www.fao.org/faostat/en/#data/ET.","Synthetic extension of Synthetic extension of Synthetic extension of Synthetic extension of Synthetic extension of Synthetic extension of Environment, Climate Change, Climate and Weather, Surface Temperature Change"
SYN_084,Surface Temperature Change Variant 2 Variant 6 Variant 18 Variant 22 Variant 84,Degree Celsius,"Food and Agriculture Organization of the United Nations (FAO). 2022. FAOSTAT Climate Change, Climate Indicators, Temperature change. License: CC BY-NC-SA 3.0 IGO. Extracted from: https://www.fao.org/faostat/en/#data/ET.","Synthetic extension of Synthetic extension of Synthetic extension of Synthetic extension of Synthetic extension of Environment, Climate Change, Climate and Weather, Surface Temperature Change"
SYN_085,Surface Temperature Change Variant 2 Variant 6 Variant 14 Variant 85,Degree Celsius,"Food and Agriculture Organization of the United Nations (FAO). 2022. FAOSTAT Climate Change, Climate Indicators, Temperature change. License: CC BY-NC-SA 3.0 IGO. Extracted from: https://www.fao.org/faostat/en/#data/ET.","Synthetic extension of Synthetic extension of Synthetic extension of Synthetic extension of Environment, Climate Change, Climate and Weather, Surface Temperature Change"
SYN_086,Surface Temperature Change Variant 2 Variant 15 Variant 21 Variant 86,Degree Celsius,"Food and Agriculture Organization of the United Nations (FAO). 2022. FAOSTAT Climate Change, Climate Indicators, Temperature change. License: CC BY-NC-SA 3.0 IGO. Extracted from: https://www.fao.org/faostat/en/#data/ET.","Synthetic extension of Synthetic extension of Synthetic extension of Synthetic extension of Environment, Climate Change, Climate and Weather, Surface Temperature Change"
SYN_087,Surface Temperature Change Variant 3 Variant 87,Degree Celsius,"Food and Agriculture Organization of the United Nations (FAO). 2022. FAOSTAT Climate Change, Climate Indicators, Temperature change. License: CC BY-NC-SA 3.0 IGO. Extracted from: https://www.fao.org/faostat/en/#data/ET.","Synthetic extension of Synthetic extension of Environment, Climate Change, Climate and Weather, Surface Temperature Change"
SYN_088,Surface Temperature Change Variant 2 Variant 5 Variant 88,Degree Celsius,"Food and Agriculture Organization of the United Nations (FAO). 2022. FAOSTAT Climate Change, Climate Indicators, Temperature change. License: CC BY-NC-SA 3.0 IGO. Extracted from: https://www.fao.org/faostat/en/#data/ET.","Synthetic extension of Synthetic extension of Synthetic extension of Environment, Climate Change, Climate and Weather, Surface Temperature Change"
SYN_089,Surface Temperature Change Variant 2 Variant 15 Variant 21 Variant 89,Degree Celsius,"Food and Agriculture Organization of the United Nations (FAO). 2022. FAOSTAT Climate Change, Climate Indicators, Temperature change. License: CC BY-NC-SA 3.0 IGO. Extracted from: https://www.fao.org/faostat/en/#data/ET.","Synthetic extension of Synthetic extension of Synthetic extension of Synthetic extension of Environment, Climate Change, Climate and Weather, Surface Temperature Change"
SYN_090,Surface Temperature Change Variant 2 Variant 15 Variant 21 Variant 89 Variant 90,Degree Celsius,"Food and Agriculture Organization of the United Nations (FAO). 2022. FAOSTAT Climate Change, Climate Indicators, Temperature change. License: CC BY-NC-SA 3.0 IGO. Extracted from: https://www.fao.org/faostat/en/#data/ET.","Synthetic extension of Synthetic extension of Synthetic extension of Synthetic extension of Synthetic extension of Environment, Climate Change, Climate and Weather, Surface Temperature Change"
SYN_091,Surface Temperature Change Variant 2 Variant 55 Variant 91,Degree Celsius,"Food and Agriculture Organization of the United Nations (FAO). 2022. FAOSTAT Climate Change, Climate Indicators, Temperature change. License: CC BY-NC-SA 3.0 IGO. Extracted from: https://www.fao.org/faostat/en/#data/ET.","Synthetic extension of Synthetic extension of Synthetic extension of Environment, Climate Change, Climate and Weather, Surface Temperature Change"
SYN_092,Surface Temperature Change Variant 2 Variant 55 Variant 91 Variant 92,Degree Celsius,"Food and Agriculture Organization of the United Nations (FAO). 2022. FAOSTAT Climate Change, Climate Indicators, Temperature change. License: CC BY-NC-SA 3.0 IGO. Extracted from: https://www.fao.org/faostat/en/#data/ET.","Synthetic extension of Synthetic extension of Synthetic extension of Synthetic extension of Environment, Climate Change, Climate and Weather, Surface Temperature Change"
SYN_093,Surface Temperature Change Variant 3 Variant 12 Variant 63 Variant 93,Degree Celsius,"Food and Agriculture Organization of the United Nations (FAO). 2022. FAOSTAT Climate Change, Climate Indicators, Temperature change. License: CC BY-NC-SA 3.0 IGO. Extracted from: https://www.fao.org/faostat/en/#data/ET.","Synthetic extension of Synthetic extension of Synthetic extension of Synthetic extension of Environment, Climate Change, Climate and Weather, Surface Temperature Change"
SYN_094,Surface Temperature Change Variant 2 Variant 5 Variant 7 Variant 16 Variant 33 Variant 94,Degree Celsius,"Food and Agriculture Organization of the United Nations (FAO). 2022. FAOSTAT Climate Change, Climate Indicators, Temperature change. License: CC BY-NC-SA 3.0 IGO. Extracted from: https://www.fao.org/faostat/en/#data/ET.","Synthetic extension of Synthetic extension of Synthetic extension of Synthetic extension of Synthetic extension of Synthetic extension of Environment, Climate Change, Climate and Weather, Surface Temperature Change"
SYN_095,Surface Temperature Change Variant 2 Variant 6 Variant 9 Variant 24 Variant 41 Variant 95,Degree Celsius,"Food and Agriculture Organization of the United Nations (FAO). 2022. FAOSTAT Climate Change, Climate Indicators, Temperature change. License: CC BY-NC-SA 3.0 IGO. Extracted from: https://www.fao.org/faostat/en/#data/ET.","Synthetic extension of Synthetic extension of Synthetic extension of Synthetic extension of Synthetic extension of Synthetic extension of Environment, Climate Change, Climate and Weather, Surface Temperature Change"
SYN_096,Surface Temperature Change Variant 2 Variant 5 Variant 7 Variant 16 Variant 54 Variant 96,Degree Celsius,"Food and Agriculture Organization of the United Nations (FAO). 2022. FAOSTAT Climate Change, Climate Indicators, Temperature change. License: CC BY-NC-SA 3.0 IGO. Extracted from: https://www.fao.org/faostat/en/#data/ET.","Synthetic extension of Synthetic extension of Synthetic extension of Synthetic extension of Synthetic extension of Synthetic extension of Environment, Climate Change, Climate and Weather, Surface Temperature Change"
SYN_097,Surface Temperature Change Variant 2 Variant 5 Variant 7 Variant 16 Variant 65 Variant 83 Variant 97,Degree Celsius,"Food and Agriculture Organization of the United Nations (FAO). 2022. FAOSTAT Climate Change, Climate Indicators, Temperature change. License: CC BY-NC-SA 3.0 IGO. Extracted from: https://www.fao.org/faostat/en/#data/ET.","Synthetic extension of Synthetic extension of Synthetic extension of Synthetic extension of Synthetic extension of Synthetic extension of Synthetic extension of Environment, Climate Change, Climate and Weather, Surface Temperature Change"
SYN_098,Surface Temperature Change Variant 2 Variant 5 Variant 11 Variant 98,Degree Celsius,"Food and Agriculture Organization of the United Nations (FAO). 2022. FAOSTAT Climate Change, Climate Indicators, Temperature change. License: CC BY-NC-SA 3.0 IGO. Extracted from: https://www.fao.org/faostat/en/#data/ET.","Synthetic extension of Synthetic extension of Synthetic extension of Synthetic extension of Environment, Climate Change, Climate and Weather, Surface Temperature Change"
SYN_099,Surface Temperature Change Variant 2 Variant 6 Variant 14 Variant 99,Degree Celsius,"Food and Agriculture Organization of the United Nations (FAO). 2022. FAOSTAT Climate Change, Climate Indicators, Temperature change. License: CC BY-NC-SA 3.0 IGO. Extracted from: https://www.fao.org/faostat/en/#data/ET.","Synthetic extension of Synthetic extension of Synthetic extension of Synthetic extension of Environment, Climate Change, Climate and Weather, Surface Temperature Change"
SYN_100,Surface Temperature Change Variant 3 Variant 10 Variant 17 Variant 62 Variant 100,Degree Celsius,"Food and Agriculture Organization of the United Nations (FAO). 2022. FAOSTAT Climate Change, Climate Indicators, Temperature change. License: CC BY-NC-SA 3.0 IGO. Extracted from: https://www.fao.org/faostat/en/#data/ET.","Synthetic extension of Synthetic extension of Synthetic extension of Synthetic extension of Synthetic extension of Environment, Climate Change, Climate and Weather, Surface Temperature Change"
